<bundle version="2.8.2"
		requiredHostVersion="0.9.1"
		type="java"
		id="adito-application-tightvnc"
		name="TightVNC (Java)"
		license="GPL"
		licenseAgreement="LICENSE.txt"
		order="99999"
		productURL="http://www.tightvnc.com/">

	<description>VNC software makes it possible to view and fully-interact with one computer from any other computer or mobile device anywhere on the Internet. Uses TightVNC Java Viewer (same version as this extension). </description>

	<extension type="java"
				extension="adito-application-tightvnc"
				name="TightVNC (Java)"
				smallIcon="tightvnc-logo-16x16.png"
				largeIcon="tightvnc-logo-32x32.png">

		<description>VNC software makes it possible to view and fully-interact with one computer from any other computer or mobile device anywhere on the Internet. Uses TightVNC Java Viewer (same version as this extension).</description>

		<parameter type="0" sortOrder="0" name="hostname"/>
		<parameter type="1" sortOrder="1" name="port" defaultValue="5900"/>
		<parameter type="4" optional="true" sortOrder="2" name="password" defaultValue=""/>
		<parameter type="2" optional="true" sortOrder="3" name="FullScreen" defaultValue="false"/>
		<parameter type="3" typeMeta="8,16,24" optional="true" sortOrder="4" name="bpp" default="16"/>
		<parameter type="2" optional="true" sortOrder="5" name="ViewOnly" defaultValue="false"/>
		<parameter type="2" optional="true" sortOrder="6" name="ShowControls" defaultValue="true"/>
		<parameter type="2" optional="true" sortOrder="7" name="ShareDesktop" defaultValue="false"/>

		<messages>
			<message key="hostname.name">Hostname</message>
			<message key="port.name">Port</message>
			<message key="password.name">Password (CAUTION)</message>
      <message key="FullScreen.name">Full Screen</message>
			<message key="bpp.name">Colors</message>
      <message key="bpp.value.8">256 Colors</message>
      <message key="bpp.value.16">High Color (16 bit)</message>
      <message key="bpp.value.24">True Color (24 bit)</message>
			<message key="ViewOnly.name">View only</message>
			<message key="ShowControls.name">Show Controls</message>
			<message key="ShareDesktop.name">Share desktop</message>
		</messages>

		<tunnel name="vnc" hostname="${shortcut:hostname}" port="${shortcut:port}" usePreferredPort="false"/>

		<java jre="1.1">
			<classpath>
				<jar>tightvnc-jviewer.jar</jar>
			</classpath>
      <main class="com.glavsoft.viewer.Viewer">
        <arg>${tunnel:vnc.hostname}:${tunnel:vnc.port}</arg>
        <arg>-showConnectionDialog=no</arg>

				<if parameter="password" not="true" value="">
					<arg>-password=${param:password}</arg>
				</if>

				<if parameter="bpp" not="true" value="">
					<arg>-ColorDepth=${param:bpp}</arg>
				</if>
				<if parameter="FullScreen" value="true">
					<arg>-FullScreen=yes</arg>
				</if>
				<if parameter="FullScreen" not="true" value="true">
					<arg>-FullScreen=no</arg>
				</if>

				<if parameter="ViewOnly" value="true">
					<arg>-ViewOnly=Yes</arg>
				</if>
				<if parameter="ViewOnly" not="true" value="true">
					<arg>-ViewOnly=No</arg>
				</if>

				<if parameter="ShowControls" value="true">
					<arg>-ShowControls=Yes</arg>
				</if>
				<if parameter="ShowControls" not="true" value="true">
					<arg>-ShowControls=No</arg>
				</if>

				<if parameter="ShareDesktop" value="true">
					<arg>-ShareDesktop=Yes</arg>
				</if>
				<if parameter="ShareDesktop" not="true" value="true">
					<arg>-ShareDesktop=No</arg>
				</if>

			</main>
		</java>
	</extension>
</bundle>
